[
    {
        "sentenceIndex": 1,
        "text": "One of the things people wonder about a lot is how I cook. ",
        "startTime": "333",
        "endTime": "8174"
    },
    {
        "sentenceIndex": 2,
        "text": "So the menu today, it's an easy one. ",
        "startTime": "8274",
        "endTime": "10310"
    },
    {
        "sentenceIndex": 3,
        "text": "I'm going to go with a burger and fries. ",
        "startTime": "10310",
        "endTime": "14447"
    },
    {
        "sentenceIndex": 4,
        "text": "Let's get us some French fries. ",
        "startTime": "14547",
        "endTime": "15715"
    },
    {
        "sentenceIndex": 5,
        "text": "Yeah, that's awful. ",
        "startTime": "15715",
        "endTime": "18752"
    },
    {
        "sentenceIndex": 6,
        "text": "well, see, So that's our first little catastrophe of the day right here. ",
        "startTime": "18952",
        "endTime": "23456"
    },
    {
        "sentenceIndex": 7,
        "text": "True. ",
        "startTime": "23456",
        "endTime": "28528"
    },
    {
        "sentenceIndex": 8,
        "text": "Just get them all out over the tray. ",
        "startTime": "28595",
        "endTime": "30363"
    },
    {
        "sentenceIndex": 9,
        "text": "So I just put this in the toaster oven here. ",
        "startTime": "30363",
        "endTime": "32432"
    },
    {
        "sentenceIndex": 10,
        "text": "We do it for, like, a half hour, so we have to plug in the stove to the stove, the George Foreman Grill, because this takes a couple of minutes to warm up. ",
        "startTime": "32432",
        "endTime": "41508"
    },
    {
        "sentenceIndex": 11,
        "text": "The fries are cooking. ",
        "startTime": "41508",
        "endTime": "42409"
    },
    {
        "sentenceIndex": 12,
        "text": "So let's see now. ",
        "startTime": "42409",
        "endTime": "44110"
    },
    {
        "sentenceIndex": 13,
        "text": "This is stupid that I do, but you have to sort of check out. ",
        "startTime": "44110",
        "endTime": "46846"
    },
    {
        "sentenceIndex": 14,
        "text": "All right. ",
        "startTime": "46846",
        "endTime": "47714"
    },
    {
        "sentenceIndex": 15,
        "text": "So let's just try one now. ",
        "startTime": "47714",
        "endTime": "49182"
    },
    {
        "sentenceIndex": 16,
        "text": "Of course. ",
        "startTime": "49182",
        "endTime": "49549"
    },
    {
        "sentenceIndex": 17,
        "text": "You know, I'm afraid of burning myself. ",
        "startTime": "49549",
        "endTime": "51251"
    },
    {
        "sentenceIndex": 18,
        "text": "You see, I hit the top of the thing that, like this, probably still has a little ways to go. ",
        "startTime": "51251",
        "endTime": "57023"
    },
    {
        "sentenceIndex": 19,
        "text": "So let's make a burger. ",
        "startTime": "57090",
        "endTime": "58158"
    },
    {
        "sentenceIndex": 20,
        "text": "So we'll just cook this for probably about 3 minutes. ",
        "startTime": "58158",
        "endTime": "61461"
    },
    {
        "sentenceIndex": 21,
        "text": "And this. ",
        "startTime": "61594",
        "endTime": "61961"
    },
    {
        "sentenceIndex": 22,
        "text": "And that's where it goes. ",
        "startTime": "61961",
        "endTime": "64464"
    },
    {
        "sentenceIndex": 23,
        "text": "It cooks both sides at once. ",
        "startTime": "64464",
        "endTime": "66199"
    },
    {
        "sentenceIndex": 24,
        "text": "It's really easy to use because I would never, you know, mess with something with a frying pan. ",
        "startTime": "66199",
        "endTime": "71037"
    },
    {
        "sentenceIndex": 25,
        "text": "That was scary to me. ",
        "startTime": "71037",
        "endTime": "72272"
    },
    {
        "sentenceIndex": 26,
        "text": "What I do with my beer. ",
        "startTime": "72272",
        "endTime": "74774"
    },
    {
        "sentenceIndex": 27,
        "text": "If the grill gets a little bit quiet, I'll check it. ",
        "startTime": "74874",
        "endTime": "76976"
    },
    {
        "sentenceIndex": 28,
        "text": "I'll just see if it's in a good spot, maybe move a little bit, grab the spatula, move it, and I'll also touch it to see how well it's cut. ",
        "startTime": "76976",
        "endTime": "83383"
    },
    {
        "sentenceIndex": 29,
        "text": "Because they say you touch your hand. ",
        "startTime": "83383",
        "endTime": "84717"
    },
    {
        "sentenceIndex": 30,
        "text": "Like this part here is rare. ",
        "startTime": "84717",
        "endTime": "87120"
    },
    {
        "sentenceIndex": 31,
        "text": "Back here is medium and out here as well. ",
        "startTime": "87120",
        "endTime": "89956"
    },
    {
        "sentenceIndex": 32,
        "text": "Done. ",
        "startTime": "89956",
        "endTime": "90957"
    },
    {
        "sentenceIndex": 33,
        "text": "There it is. ",
        "startTime": "90957",
        "endTime": "91991"
    },
    {
        "sentenceIndex": 34,
        "text": " You're hiding from me. ",
        "startTime": "91991",
        "endTime": "94561"
    },
    {
        "sentenceIndex": 35,
        "text": "All right, well, let's take out our French fries. ",
        "startTime": "94561",
        "endTime": "96029"
    },
    {
        "sentenceIndex": 36,
        "text": "Why don't we just do that? ",
        "startTime": "96029",
        "endTime": "97931"
    },
    {
        "sentenceIndex": 37,
        "text": "Of course. ",
        "startTime": "97997",
        "endTime": "98798"
    },
    {
        "sentenceIndex": 38,
        "text": "Grab a burger that's unplugged the George Foreman Grill Safety first. ",
        "startTime": "98798",
        "endTime": "102802"
    },
    {
        "sentenceIndex": 39,
        "text": "Now, it's not going to be too terribly hot because I'm going to touch some sort of help. ",
        "startTime": "102802",
        "endTime": "105472"
    },
    {
        "sentenceIndex": 40,
        "text": "And there we go. ",
        "startTime": "105472",
        "endTime": "106639"
    },
    {
        "sentenceIndex": 41,
        "text": "And that looks and it didn't land on the rock nowhere near. ",
        "startTime": "106639",
        "endTime": "109909"
    },
    {
        "sentenceIndex": 42,
        "text": "So I threw that. ",
        "startTime": "109909",
        "endTime": "111044"
    },
    {
        "sentenceIndex": 43,
        "text": "That's pillow ketchup on here and there it is. ",
        "startTime": "111044",
        "endTime": "117350"
    },
    {
        "sentenceIndex": 44,
        "text": "now that's what I called delicious. ",
        "startTime": "117450",
        "endTime": "123256"
    },
    {
        "sentenceIndex": 45,
        "text": "So now we're just going to wait while asleep and then warms up. ",
        "startTime": "123356",
        "endTime": "125859"
    },
    {
        "sentenceIndex": 46,
        "text": "See, so far, not much. ",
        "startTime": "125859",
        "endTime": "126893"
    },
    {
        "sentenceIndex": 47,
        "text": "So let's have a look. ",
        "startTime": "126893",
        "endTime": "128161"
    },
    {
        "sentenceIndex": 48,
        "text": "You could probably still touch it. ",
        "startTime": "128161",
        "endTime": "129429"
    },
    {
        "sentenceIndex": 49,
        "text": "It's not that warm. ",
        "startTime": "129429",
        "endTime": "131030"
    },
    {
        "sentenceIndex": 50,
        "text": "No, I won't do that 2 minutes from now. ",
        "startTime": "131030",
        "endTime": "132732"
    }
]