[
    {
        "caption_idx": 0,
        "text": "One",
        "startTime": "333",
        "endTime": "600"
    },
    {
        "caption_idx": 1,
        "text": "of the",
        "startTime": "600",
        "endTime": "700"
    },
    {
        "caption_idx": 2,
        "text": "things",
        "startTime": "700",
        "endTime": "967"
    },
    {
        "caption_idx": 3,
        "text": "people",
        "startTime": "967",
        "endTime": "1201"
    },
    {
        "caption_idx": 4,
        "text": "wonder",
        "startTime": "1201",
        "endTime": "1468"
    },
    {
        "caption_idx": 5,
        "text": "about",
        "startTime": "1468",
        "endTime": "1668"
    },
    {
        "caption_idx": 6,
        "text": "a lot",
        "startTime": "1668",
        "endTime": "2002"
    },
    {
        "caption_idx": 7,
        "text": "is how",
        "startTime": "2002",
        "endTime": "2802"
    },
    {
        "caption_idx": 8,
        "text": "I",
        "startTime": "2802",
        "endTime": "2902"
    },
    {
        "caption_idx": 9,
        "text": "cook.",
        "startTime": "2902",
        "endTime": "8174"
    },
    {
        "caption_idx": 10,
        "text": "So",
        "startTime": "8274",
        "endTime": "8475"
    },
    {
        "caption_idx": 11,
        "text": "the menu",
        "startTime": "8475",
        "endTime": "8975"
    },
    {
        "caption_idx": 12,
        "text": "today,",
        "startTime": "8975",
        "endTime": "9476"
    },
    {
        "caption_idx": 13,
        "text": "it's",
        "startTime": "9476",
        "endTime": "9743"
    },
    {
        "caption_idx": 14,
        "text": "an easy",
        "startTime": "9743",
        "endTime": "10110"
    },
    {
        "caption_idx": 15,
        "text": "one.",
        "startTime": "10110",
        "endTime": "10310"
    },
    {
        "caption_idx": 16,
        "text": "I'm",
        "startTime": "10310",
        "endTime": "10410"
    },
    {
        "caption_idx": 17,
        "text": "going",
        "startTime": "10410",
        "endTime": "10543"
    },
    {
        "caption_idx": 18,
        "text": "to go",
        "startTime": "10543",
        "endTime": "10777"
    },
    {
        "caption_idx": 19,
        "text": "with a",
        "startTime": "10777",
        "endTime": "11544"
    },
    {
        "caption_idx": 20,
        "text": "burger",
        "startTime": "11544",
        "endTime": "11845"
    },
    {
        "caption_idx": 21,
        "text": "and",
        "startTime": "11845",
        "endTime": "11911"
    },
    {
        "caption_idx": 22,
        "text": "fries.",
        "startTime": "11911",
        "endTime": "14447"
    },
    {
        "caption_idx": 23,
        "text": "Let's",
        "startTime": "14547",
        "endTime": "14748"
    },
    {
        "caption_idx": 24,
        "text": "get us",
        "startTime": "14748",
        "endTime": "15015"
    },
    {
        "caption_idx": 25,
        "text": "some",
        "startTime": "15015",
        "endTime": "15148"
    },
    {
        "caption_idx": 26,
        "text": "French",
        "startTime": "15148",
        "endTime": "15415"
    },
    {
        "caption_idx": 27,
        "text": "fries.",
        "startTime": "15415",
        "endTime": "15715"
    },
    {
        "caption_idx": 28,
        "text": "Yeah,",
        "startTime": "15715",
        "endTime": "16916"
    },
    {
        "caption_idx": 29,
        "text": "that's",
        "startTime": "17117",
        "endTime": "17550"
    },
    {
        "caption_idx": 30,
        "text": "awful.",
        "startTime": "17550",
        "endTime": "18752"
    },
    {
        "caption_idx": 31,
        "text": "well,",
        "startTime": "18952",
        "endTime": "19786"
    },
    {
        "caption_idx": 32,
        "text": "see,",
        "startTime": "19786",
        "endTime": "20820"
    },
    {
        "caption_idx": 33,
        "text": "So",
        "startTime": "20820",
        "endTime": "21154"
    },
    {
        "caption_idx": 34,
        "text": "that's",
        "startTime": "21154",
        "endTime": "21421"
    },
    {
        "caption_idx": 35,
        "text": "our",
        "startTime": "21421",
        "endTime": "21521"
    },
    {
        "caption_idx": 36,
        "text": "first",
        "startTime": "21521",
        "endTime": "21855"
    },
    {
        "caption_idx": 37,
        "text": "little",
        "startTime": "21855",
        "endTime": "22022"
    },
    {
        "caption_idx": 38,
        "text": "catastrophe",
        "startTime": "22022",
        "endTime": "22655"
    },
    {
        "caption_idx": 39,
        "text": "of",
        "startTime": "22655",
        "endTime": "22722"
    },
    {
        "caption_idx": 40,
        "text": "the day",
        "startTime": "22722",
        "endTime": "23023"
    },
    {
        "caption_idx": 41,
        "text": "right",
        "startTime": "23023",
        "endTime": "23223"
    },
    {
        "caption_idx": 42,
        "text": "here.",
        "startTime": "23223",
        "endTime": "23456"
    },
    {
        "caption_idx": 43,
        "text": "True.",
        "startTime": "23456",
        "endTime": "28528"
    },
    {
        "caption_idx": 44,
        "text": "Just",
        "startTime": "28595",
        "endTime": "28795"
    },
    {
        "caption_idx": 45,
        "text": "get them",
        "startTime": "28795",
        "endTime": "29062"
    },
    {
        "caption_idx": 46,
        "text": "all",
        "startTime": "29062",
        "endTime": "29262"
    },
    {
        "caption_idx": 47,
        "text": "out",
        "startTime": "29262",
        "endTime": "29429"
    },
    {
        "caption_idx": 48,
        "text": "over the tray.",
        "startTime": "29429",
        "endTime": "30363"
    },
    {
        "caption_idx": 49,
        "text": "So",
        "startTime": "30363",
        "endTime": "30530"
    },
    {
        "caption_idx": 50,
        "text": "I just",
        "startTime": "30530",
        "endTime": "30830"
    },
    {
        "caption_idx": 51,
        "text": "put",
        "startTime": "30830",
        "endTime": "30964"
    },
    {
        "caption_idx": 52,
        "text": "this",
        "startTime": "30964",
        "endTime": "31164"
    },
    {
        "caption_idx": 53,
        "text": "in the",
        "startTime": "31164",
        "endTime": "31331"
    },
    {
        "caption_idx": 54,
        "text": "toaster",
        "startTime": "31331",
        "endTime": "31698"
    },
    {
        "caption_idx": 55,
        "text": "oven",
        "startTime": "31698",
        "endTime": "31898"
    },
    {
        "caption_idx": 56,
        "text": "here.",
        "startTime": "31898",
        "endTime": "32432"
    },
    {
        "caption_idx": 57,
        "text": "We do",
        "startTime": "32432",
        "endTime": "32665"
    },
    {
        "caption_idx": 58,
        "text": "it",
        "startTime": "32665",
        "endTime": "32732"
    },
    {
        "caption_idx": 59,
        "text": "for,",
        "startTime": "32732",
        "endTime": "32799"
    },
    {
        "caption_idx": 60,
        "text": "like,",
        "startTime": "32799",
        "endTime": "32999"
    },
    {
        "caption_idx": 61,
        "text": "a",
        "startTime": "32999",
        "endTime": "33033"
    },
    {
        "caption_idx": 62,
        "text": "half hour,",
        "startTime": "33033",
        "endTime": "34601"
    },
    {
        "caption_idx": 63,
        "text": "so",
        "startTime": "34667",
        "endTime": "34834"
    },
    {
        "caption_idx": 64,
        "text": "we have to",
        "startTime": "34834",
        "endTime": "35135"
    },
    {
        "caption_idx": 65,
        "text": "plug",
        "startTime": "35135",
        "endTime": "35335"
    },
    {
        "caption_idx": 66,
        "text": "in the",
        "startTime": "35335",
        "endTime": "35468"
    },
    {
        "caption_idx": 67,
        "text": "stove",
        "startTime": "35468",
        "endTime": "35802"
    },
    {
        "caption_idx": 68,
        "text": "to the",
        "startTime": "35802",
        "endTime": "36302"
    },
    {
        "caption_idx": 69,
        "text": "stove,",
        "startTime": "36302",
        "endTime": "38204"
    },
    {
        "caption_idx": 70,
        "text": "the",
        "startTime": "38304",
        "endTime": "38438"
    },
    {
        "caption_idx": 71,
        "text": "George",
        "startTime": "38438",
        "endTime": "38671"
    },
    {
        "caption_idx": 72,
        "text": "Foreman",
        "startTime": "38671",
        "endTime": "38972"
    },
    {
        "caption_idx": 73,
        "text": "Grill,",
        "startTime": "38972",
        "endTime": "39172"
    },
    {
        "caption_idx": 74,
        "text": "because",
        "startTime": "39172",
        "endTime": "39339"
    },
    {
        "caption_idx": 75,
        "text": "this",
        "startTime": "39339",
        "endTime": "39506"
    },
    {
        "caption_idx": 76,
        "text": "takes",
        "startTime": "39506",
        "endTime": "39672"
    },
    {
        "caption_idx": 77,
        "text": "a",
        "startTime": "39672",
        "endTime": "39706"
    },
    {
        "caption_idx": 78,
        "text": "couple",
        "startTime": "39706",
        "endTime": "39873"
    },
    {
        "caption_idx": 79,
        "text": "of",
        "startTime": "39873",
        "endTime": "39939"
    },
    {
        "caption_idx": 80,
        "text": "minutes",
        "startTime": "39939",
        "endTime": "40173"
    },
    {
        "caption_idx": 81,
        "text": "to",
        "startTime": "40173",
        "endTime": "40206"
    },
    {
        "caption_idx": 82,
        "text": "warm",
        "startTime": "40206",
        "endTime": "40440"
    },
    {
        "caption_idx": 83,
        "text": "up.",
        "startTime": "40440",
        "endTime": "41508"
    },
    {
        "caption_idx": 84,
        "text": "The fries",
        "startTime": "41508",
        "endTime": "41941"
    },
    {
        "caption_idx": 85,
        "text": "are",
        "startTime": "41941",
        "endTime": "42008"
    },
    {
        "caption_idx": 86,
        "text": "cooking.",
        "startTime": "42008",
        "endTime": "42409"
    },
    {
        "caption_idx": 87,
        "text": "So",
        "startTime": "42409",
        "endTime": "42575"
    },
    {
        "caption_idx": 88,
        "text": "let's",
        "startTime": "42575",
        "endTime": "42809"
    },
    {
        "caption_idx": 89,
        "text": "see",
        "startTime": "42809",
        "endTime": "43176"
    },
    {
        "caption_idx": 90,
        "text": "now.",
        "startTime": "43176",
        "endTime": "44110"
    },
    {
        "caption_idx": 91,
        "text": "This is stupid",
        "startTime": "44110",
        "endTime": "44878"
    },
    {
        "caption_idx": 92,
        "text": "that",
        "startTime": "44878",
        "endTime": "45011"
    },
    {
        "caption_idx": 93,
        "text": "I do,",
        "startTime": "45011",
        "endTime": "45311"
    },
    {
        "caption_idx": 94,
        "text": "but",
        "startTime": "45311",
        "endTime": "45845"
    },
    {
        "caption_idx": 95,
        "text": "you have",
        "startTime": "45845",
        "endTime": "46079"
    },
    {
        "caption_idx": 96,
        "text": "to",
        "startTime": "46079",
        "endTime": "46179"
    },
    {
        "caption_idx": 97,
        "text": "sort",
        "startTime": "46179",
        "endTime": "46379"
    },
    {
        "caption_idx": 98,
        "text": "of",
        "startTime": "46379",
        "endTime": "46413"
    },
    {
        "caption_idx": 99,
        "text": "check",
        "startTime": "46413",
        "endTime": "46679"
    },
    {
        "caption_idx": 100,
        "text": "out.",
        "startTime": "46679",
        "endTime": "46846"
    },
    {
        "caption_idx": 101,
        "text": "All right.",
        "startTime": "46846",
        "endTime": "47714"
    },
    {
        "caption_idx": 102,
        "text": "So",
        "startTime": "47714",
        "endTime": "47881"
    },
    {
        "caption_idx": 103,
        "text": "let's",
        "startTime": "47881",
        "endTime": "48148"
    },
    {
        "caption_idx": 104,
        "text": "just",
        "startTime": "48148",
        "endTime": "48348"
    },
    {
        "caption_idx": 105,
        "text": "try",
        "startTime": "48348",
        "endTime": "48581"
    },
    {
        "caption_idx": 106,
        "text": "one",
        "startTime": "48581",
        "endTime": "48815"
    },
    {
        "caption_idx": 107,
        "text": "now.",
        "startTime": "48815",
        "endTime": "49182"
    },
    {
        "caption_idx": 108,
        "text": "Of",
        "startTime": "49182",
        "endTime": "49349"
    },
    {
        "caption_idx": 109,
        "text": "course.",
        "startTime": "49349",
        "endTime": "49549"
    },
    {
        "caption_idx": 110,
        "text": "You",
        "startTime": "49549",
        "endTime": "49616"
    },
    {
        "caption_idx": 111,
        "text": "know,",
        "startTime": "49616",
        "endTime": "49716"
    },
    {
        "caption_idx": 112,
        "text": "I'm",
        "startTime": "49716",
        "endTime": "49816"
    },
    {
        "caption_idx": 113,
        "text": "afraid",
        "startTime": "49816",
        "endTime": "50016"
    },
    {
        "caption_idx": 114,
        "text": "of",
        "startTime": "50016",
        "endTime": "50083"
    },
    {
        "caption_idx": 115,
        "text": "burning",
        "startTime": "50083",
        "endTime": "50350"
    },
    {
        "caption_idx": 116,
        "text": "myself.",
        "startTime": "50350",
        "endTime": "51251"
    },
    {
        "caption_idx": 117,
        "text": "You",
        "startTime": "51251",
        "endTime": "52118"
    },
    {
        "caption_idx": 118,
        "text": "see, I",
        "startTime": "52118",
        "endTime": "52485"
    },
    {
        "caption_idx": 119,
        "text": "hit",
        "startTime": "52485",
        "endTime": "52619"
    },
    {
        "caption_idx": 120,
        "text": "the top",
        "startTime": "52619",
        "endTime": "52919"
    },
    {
        "caption_idx": 121,
        "text": "of",
        "startTime": "52919",
        "endTime": "52952"
    },
    {
        "caption_idx": 122,
        "text": "the thing",
        "startTime": "52952",
        "endTime": "53286"
    },
    {
        "caption_idx": 123,
        "text": "that,",
        "startTime": "53286",
        "endTime": "53686"
    },
    {
        "caption_idx": 124,
        "text": "like",
        "startTime": "53686",
        "endTime": "53920"
    },
    {
        "caption_idx": 125,
        "text": "this,",
        "startTime": "53920",
        "endTime": "54120"
    },
    {
        "caption_idx": 126,
        "text": "probably",
        "startTime": "54120",
        "endTime": "54387"
    },
    {
        "caption_idx": 127,
        "text": "still",
        "startTime": "54387",
        "endTime": "54554"
    },
    {
        "caption_idx": 128,
        "text": "has a",
        "startTime": "54554",
        "endTime": "54721"
    },
    {
        "caption_idx": 129,
        "text": "little",
        "startTime": "54721",
        "endTime": "54854"
    },
    {
        "caption_idx": 130,
        "text": "ways",
        "startTime": "54854",
        "endTime": "55055"
    },
    {
        "caption_idx": 131,
        "text": "to go.",
        "startTime": "55055",
        "endTime": "57023"
    },
    {
        "caption_idx": 132,
        "text": "So",
        "startTime": "57090",
        "endTime": "57290"
    },
    {
        "caption_idx": 133,
        "text": "let's",
        "startTime": "57290",
        "endTime": "57457"
    },
    {
        "caption_idx": 134,
        "text": "make a",
        "startTime": "57457",
        "endTime": "57724"
    },
    {
        "caption_idx": 135,
        "text": "burger.",
        "startTime": "57724",
        "endTime": "58158"
    },
    {
        "caption_idx": 136,
        "text": "So",
        "startTime": "58158",
        "endTime": "58358"
    },
    {
        "caption_idx": 137,
        "text": "we'll",
        "startTime": "58358",
        "endTime": "58491"
    },
    {
        "caption_idx": 138,
        "text": "just",
        "startTime": "58491",
        "endTime": "58658"
    },
    {
        "caption_idx": 139,
        "text": "cook",
        "startTime": "58658",
        "endTime": "58892"
    },
    {
        "caption_idx": 140,
        "text": "this",
        "startTime": "58892",
        "endTime": "59059"
    },
    {
        "caption_idx": 141,
        "text": "for",
        "startTime": "59059",
        "endTime": "59192"
    },
    {
        "caption_idx": 142,
        "text": "probably",
        "startTime": "59192",
        "endTime": "59692"
    },
    {
        "caption_idx": 143,
        "text": "about",
        "startTime": "59692",
        "endTime": "59959"
    },
    {
        "caption_idx": 144,
        "text": "3",
        "startTime": "59959",
        "endTime": "60260"
    },
    {
        "caption_idx": 145,
        "text": "minutes.",
        "startTime": "60260",
        "endTime": "61461"
    },
    {
        "caption_idx": 146,
        "text": "And",
        "startTime": "61594",
        "endTime": "61795"
    },
    {
        "caption_idx": 147,
        "text": "this.",
        "startTime": "61795",
        "endTime": "61961"
    },
    {
        "caption_idx": 148,
        "text": "And",
        "startTime": "61961",
        "endTime": "62095"
    },
    {
        "caption_idx": 149,
        "text": "that's",
        "startTime": "62095",
        "endTime": "63296"
    },
    {
        "caption_idx": 150,
        "text": "where",
        "startTime": "63363",
        "endTime": "63496"
    },
    {
        "caption_idx": 151,
        "text": "it",
        "startTime": "63496",
        "endTime": "63563"
    },
    {
        "caption_idx": 152,
        "text": "goes.",
        "startTime": "63563",
        "endTime": "64464"
    },
    {
        "caption_idx": 153,
        "text": "It",
        "startTime": "64464",
        "endTime": "64597"
    },
    {
        "caption_idx": 154,
        "text": "cooks",
        "startTime": "64597",
        "endTime": "64864"
    },
    {
        "caption_idx": 155,
        "text": "both",
        "startTime": "64864",
        "endTime": "65098"
    },
    {
        "caption_idx": 156,
        "text": "sides",
        "startTime": "65098",
        "endTime": "65398"
    },
    {
        "caption_idx": 157,
        "text": "at",
        "startTime": "65398",
        "endTime": "65432"
    },
    {
        "caption_idx": 158,
        "text": "once.",
        "startTime": "65432",
        "endTime": "66199"
    },
    {
        "caption_idx": 159,
        "text": "It's",
        "startTime": "66199",
        "endTime": "66566"
    },
    {
        "caption_idx": 160,
        "text": "really",
        "startTime": "66566",
        "endTime": "67100"
    },
    {
        "caption_idx": 161,
        "text": "easy",
        "startTime": "67100",
        "endTime": "67367"
    },
    {
        "caption_idx": 162,
        "text": "to use",
        "startTime": "67367",
        "endTime": "68034"
    },
    {
        "caption_idx": 163,
        "text": "because",
        "startTime": "68034",
        "endTime": "68568"
    },
    {
        "caption_idx": 164,
        "text": "I",
        "startTime": "68568",
        "endTime": "68802"
    },
    {
        "caption_idx": 165,
        "text": "would",
        "startTime": "68802",
        "endTime": "68935"
    },
    {
        "caption_idx": 166,
        "text": "never,",
        "startTime": "68935",
        "endTime": "69369"
    },
    {
        "caption_idx": 167,
        "text": "you",
        "startTime": "69369",
        "endTime": "69536"
    },
    {
        "caption_idx": 168,
        "text": "know,",
        "startTime": "69536",
        "endTime": "69702"
    },
    {
        "caption_idx": 169,
        "text": "mess",
        "startTime": "69702",
        "endTime": "69903"
    },
    {
        "caption_idx": 170,
        "text": "with",
        "startTime": "69903",
        "endTime": "70003"
    },
    {
        "caption_idx": 171,
        "text": "something",
        "startTime": "70003",
        "endTime": "70203"
    },
    {
        "caption_idx": 172,
        "text": "with a",
        "startTime": "70203",
        "endTime": "70336"
    },
    {
        "caption_idx": 173,
        "text": "frying",
        "startTime": "70336",
        "endTime": "70637"
    },
    {
        "caption_idx": 174,
        "text": "pan.",
        "startTime": "70637",
        "endTime": "71037"
    },
    {
        "caption_idx": 175,
        "text": "That was",
        "startTime": "71037",
        "endTime": "71271"
    },
    {
        "caption_idx": 176,
        "text": "scary",
        "startTime": "71271",
        "endTime": "71638"
    },
    {
        "caption_idx": 177,
        "text": "to me.",
        "startTime": "71638",
        "endTime": "72272"
    },
    {
        "caption_idx": 178,
        "text": "What",
        "startTime": "72272",
        "endTime": "72439"
    },
    {
        "caption_idx": 179,
        "text": "I do",
        "startTime": "72439",
        "endTime": "72605"
    },
    {
        "caption_idx": 180,
        "text": "with my beer.",
        "startTime": "72605",
        "endTime": "74774"
    },
    {
        "caption_idx": 181,
        "text": "If",
        "startTime": "74874",
        "endTime": "75041"
    },
    {
        "caption_idx": 182,
        "text": "the grill",
        "startTime": "75041",
        "endTime": "75341"
    },
    {
        "caption_idx": 183,
        "text": "gets a",
        "startTime": "75341",
        "endTime": "75575"
    },
    {
        "caption_idx": 184,
        "text": "little",
        "startTime": "75575",
        "endTime": "75708"
    },
    {
        "caption_idx": 185,
        "text": "bit",
        "startTime": "75708",
        "endTime": "75842"
    },
    {
        "caption_idx": 186,
        "text": "quiet,",
        "startTime": "75842",
        "endTime": "76376"
    },
    {
        "caption_idx": 187,
        "text": "I'll",
        "startTime": "76376",
        "endTime": "76609"
    },
    {
        "caption_idx": 188,
        "text": "check",
        "startTime": "76609",
        "endTime": "76876"
    },
    {
        "caption_idx": 189,
        "text": "it.",
        "startTime": "76876",
        "endTime": "76976"
    },
    {
        "caption_idx": 190,
        "text": "I'll",
        "startTime": "76976",
        "endTime": "77077"
    },
    {
        "caption_idx": 191,
        "text": "just",
        "startTime": "77077",
        "endTime": "77377"
    },
    {
        "caption_idx": 192,
        "text": "see if",
        "startTime": "77377",
        "endTime": "77777"
    },
    {
        "caption_idx": 193,
        "text": "it's",
        "startTime": "77777",
        "endTime": "78011"
    },
    {
        "caption_idx": 194,
        "text": "in a",
        "startTime": "78011",
        "endTime": "78244"
    },
    {
        "caption_idx": 195,
        "text": "good spot,",
        "startTime": "78244",
        "endTime": "78711"
    },
    {
        "caption_idx": 196,
        "text": "maybe",
        "startTime": "78711",
        "endTime": "78978"
    },
    {
        "caption_idx": 197,
        "text": "move a",
        "startTime": "78978",
        "endTime": "79212"
    },
    {
        "caption_idx": 198,
        "text": "little",
        "startTime": "79212",
        "endTime": "79379"
    },
    {
        "caption_idx": 199,
        "text": "bit,",
        "startTime": "79379",
        "endTime": "79479"
    },
    {
        "caption_idx": 200,
        "text": "grab",
        "startTime": "79479",
        "endTime": "79712"
    },
    {
        "caption_idx": 201,
        "text": "the",
        "startTime": "79712",
        "endTime": "79813"
    },
    {
        "caption_idx": 202,
        "text": "spatula,",
        "startTime": "79813",
        "endTime": "80346"
    },
    {
        "caption_idx": 203,
        "text": "move",
        "startTime": "80346",
        "endTime": "80613"
    },
    {
        "caption_idx": 204,
        "text": "it,",
        "startTime": "80613",
        "endTime": "81181"
    },
    {
        "caption_idx": 205,
        "text": "and",
        "startTime": "81181",
        "endTime": "81381"
    },
    {
        "caption_idx": 206,
        "text": "I'll",
        "startTime": "81381",
        "endTime": "81481"
    },
    {
        "caption_idx": 207,
        "text": "also",
        "startTime": "81481",
        "endTime": "81781"
    },
    {
        "caption_idx": 208,
        "text": "touch it",
        "startTime": "81781",
        "endTime": "82115"
    },
    {
        "caption_idx": 209,
        "text": "to",
        "startTime": "82115",
        "endTime": "82215"
    },
    {
        "caption_idx": 210,
        "text": "see",
        "startTime": "82215",
        "endTime": "82382"
    },
    {
        "caption_idx": 211,
        "text": "how",
        "startTime": "82382",
        "endTime": "82449"
    },
    {
        "caption_idx": 212,
        "text": "well",
        "startTime": "82449",
        "endTime": "82849"
    },
    {
        "caption_idx": 213,
        "text": "it's",
        "startTime": "82849",
        "endTime": "83049"
    },
    {
        "caption_idx": 214,
        "text": "cut.",
        "startTime": "83049",
        "endTime": "83383"
    },
    {
        "caption_idx": 215,
        "text": "Because",
        "startTime": "83383",
        "endTime": "83616"
    },
    {
        "caption_idx": 216,
        "text": "they",
        "startTime": "83616",
        "endTime": "83817"
    },
    {
        "caption_idx": 217,
        "text": "say",
        "startTime": "83817",
        "endTime": "83950"
    },
    {
        "caption_idx": 218,
        "text": "you",
        "startTime": "83950",
        "endTime": "84050"
    },
    {
        "caption_idx": 219,
        "text": "touch",
        "startTime": "84050",
        "endTime": "84284"
    },
    {
        "caption_idx": 220,
        "text": "your",
        "startTime": "84284",
        "endTime": "84417"
    },
    {
        "caption_idx": 221,
        "text": "hand.",
        "startTime": "84417",
        "endTime": "84717"
    },
    {
        "caption_idx": 222,
        "text": "Like",
        "startTime": "84717",
        "endTime": "84884"
    },
    {
        "caption_idx": 223,
        "text": "this",
        "startTime": "84884",
        "endTime": "85118"
    },
    {
        "caption_idx": 224,
        "text": "part",
        "startTime": "85118",
        "endTime": "85351"
    },
    {
        "caption_idx": 225,
        "text": "here",
        "startTime": "85351",
        "endTime": "86052"
    },
    {
        "caption_idx": 226,
        "text": "is",
        "startTime": "86052",
        "endTime": "86252"
    },
    {
        "caption_idx": 227,
        "text": "rare.",
        "startTime": "86252",
        "endTime": "87120"
    },
    {
        "caption_idx": 228,
        "text": "Back",
        "startTime": "87120",
        "endTime": "87420"
    },
    {
        "caption_idx": 229,
        "text": "here",
        "startTime": "87420",
        "endTime": "88021"
    },
    {
        "caption_idx": 230,
        "text": "is",
        "startTime": "88021",
        "endTime": "88254"
    },
    {
        "caption_idx": 231,
        "text": "medium",
        "startTime": "88254",
        "endTime": "89022"
    },
    {
        "caption_idx": 232,
        "text": "and",
        "startTime": "89022",
        "endTime": "89222"
    },
    {
        "caption_idx": 233,
        "text": "out",
        "startTime": "89222",
        "endTime": "89355"
    },
    {
        "caption_idx": 234,
        "text": "here",
        "startTime": "89355",
        "endTime": "89589"
    },
    {
        "caption_idx": 235,
        "text": "as",
        "startTime": "89589",
        "endTime": "89722"
    },
    {
        "caption_idx": 236,
        "text": "well.",
        "startTime": "89722",
        "endTime": "89956"
    },
    {
        "caption_idx": 237,
        "text": "Done.",
        "startTime": "89956",
        "endTime": "90957"
    },
    {
        "caption_idx": 238,
        "text": "There",
        "startTime": "90957",
        "endTime": "91357"
    },
    {
        "caption_idx": 239,
        "text": "it is.",
        "startTime": "91357",
        "endTime": "91991"
    },
    {
        "caption_idx": 240,
        "text": "",
        "startTime": "91991",
        "endTime": "92692"
    },
    {
        "caption_idx": 241,
        "text": "You're",
        "startTime": "92692",
        "endTime": "92926"
    },
    {
        "caption_idx": 242,
        "text": "hiding",
        "startTime": "92926",
        "endTime": "93293"
    },
    {
        "caption_idx": 243,
        "text": "from",
        "startTime": "93293",
        "endTime": "93493"
    },
    {
        "caption_idx": 244,
        "text": "me.",
        "startTime": "93493",
        "endTime": "94561"
    },
    {
        "caption_idx": 245,
        "text": "All right,",
        "startTime": "94561",
        "endTime": "94761"
    },
    {
        "caption_idx": 246,
        "text": "well,",
        "startTime": "94761",
        "endTime": "94861"
    },
    {
        "caption_idx": 247,
        "text": "let's",
        "startTime": "94861",
        "endTime": "95095"
    },
    {
        "caption_idx": 248,
        "text": "take",
        "startTime": "95095",
        "endTime": "95261"
    },
    {
        "caption_idx": 249,
        "text": "out",
        "startTime": "95261",
        "endTime": "95395"
    },
    {
        "caption_idx": 250,
        "text": "our French",
        "startTime": "95395",
        "endTime": "95762"
    },
    {
        "caption_idx": 251,
        "text": "fries.",
        "startTime": "95762",
        "endTime": "96029"
    },
    {
        "caption_idx": 252,
        "text": "Why",
        "startTime": "96029",
        "endTime": "96129"
    },
    {
        "caption_idx": 253,
        "text": "don't",
        "startTime": "96129",
        "endTime": "96262"
    },
    {
        "caption_idx": 254,
        "text": "we",
        "startTime": "96262",
        "endTime": "96362"
    },
    {
        "caption_idx": 255,
        "text": "just",
        "startTime": "96362",
        "endTime": "96529"
    },
    {
        "caption_idx": 256,
        "text": "do",
        "startTime": "96529",
        "endTime": "96696"
    },
    {
        "caption_idx": 257,
        "text": "that?",
        "startTime": "96696",
        "endTime": "97931"
    },
    {
        "caption_idx": 258,
        "text": "Of",
        "startTime": "97997",
        "endTime": "98498"
    },
    {
        "caption_idx": 259,
        "text": "course.",
        "startTime": "98498",
        "endTime": "98798"
    },
    {
        "caption_idx": 260,
        "text": "Grab a",
        "startTime": "98798",
        "endTime": "99132"
    },
    {
        "caption_idx": 261,
        "text": "burger",
        "startTime": "99132",
        "endTime": "99566"
    },
    {
        "caption_idx": 262,
        "text": "that's",
        "startTime": "99566",
        "endTime": "99732"
    },
    {
        "caption_idx": 263,
        "text": "unplugged",
        "startTime": "99732",
        "endTime": "100133"
    },
    {
        "caption_idx": 264,
        "text": "the",
        "startTime": "100133",
        "endTime": "100233"
    },
    {
        "caption_idx": 265,
        "text": "George",
        "startTime": "100233",
        "endTime": "100500"
    },
    {
        "caption_idx": 266,
        "text": "Foreman",
        "startTime": "100500",
        "endTime": "100800"
    },
    {
        "caption_idx": 267,
        "text": "Grill",
        "startTime": "100800",
        "endTime": "101734"
    },
    {
        "caption_idx": 268,
        "text": "Safety",
        "startTime": "101734",
        "endTime": "102168"
    },
    {
        "caption_idx": 269,
        "text": "first.",
        "startTime": "102168",
        "endTime": "102802"
    },
    {
        "caption_idx": 270,
        "text": "Now,",
        "startTime": "102802",
        "endTime": "102969"
    },
    {
        "caption_idx": 271,
        "text": "it's",
        "startTime": "102969",
        "endTime": "103103"
    },
    {
        "caption_idx": 272,
        "text": "not",
        "startTime": "103103",
        "endTime": "103203"
    },
    {
        "caption_idx": 273,
        "text": "going",
        "startTime": "103203",
        "endTime": "103336"
    },
    {
        "caption_idx": 274,
        "text": "to be",
        "startTime": "103336",
        "endTime": "103503"
    },
    {
        "caption_idx": 275,
        "text": "too",
        "startTime": "103503",
        "endTime": "103636"
    },
    {
        "caption_idx": 276,
        "text": "terribly",
        "startTime": "103636",
        "endTime": "104003"
    },
    {
        "caption_idx": 277,
        "text": "hot",
        "startTime": "104003",
        "endTime": "104204"
    },
    {
        "caption_idx": 278,
        "text": "because",
        "startTime": "104204",
        "endTime": "104404"
    },
    {
        "caption_idx": 279,
        "text": "I'm",
        "startTime": "104404",
        "endTime": "104471"
    },
    {
        "caption_idx": 280,
        "text": "going",
        "startTime": "104471",
        "endTime": "104571"
    },
    {
        "caption_idx": 281,
        "text": "to",
        "startTime": "104571",
        "endTime": "104671"
    },
    {
        "caption_idx": 282,
        "text": "touch",
        "startTime": "104671",
        "endTime": "104904"
    },
    {
        "caption_idx": 283,
        "text": "some",
        "startTime": "104904",
        "endTime": "104971"
    },
    {
        "caption_idx": 284,
        "text": "sort",
        "startTime": "104971",
        "endTime": "105138"
    },
    {
        "caption_idx": 285,
        "text": "of",
        "startTime": "105138",
        "endTime": "105205"
    },
    {
        "caption_idx": 286,
        "text": "help.",
        "startTime": "105205",
        "endTime": "105472"
    },
    {
        "caption_idx": 287,
        "text": "And",
        "startTime": "105472",
        "endTime": "105572"
    },
    {
        "caption_idx": 288,
        "text": "there",
        "startTime": "105572",
        "endTime": "105738"
    },
    {
        "caption_idx": 289,
        "text": "we go.",
        "startTime": "105738",
        "endTime": "106639"
    },
    {
        "caption_idx": 290,
        "text": "And",
        "startTime": "106639",
        "endTime": "106773"
    },
    {
        "caption_idx": 291,
        "text": "that looks",
        "startTime": "106773",
        "endTime": "107240"
    },
    {
        "caption_idx": 292,
        "text": "and it",
        "startTime": "107240",
        "endTime": "107507"
    },
    {
        "caption_idx": 293,
        "text": "didn't",
        "startTime": "107507",
        "endTime": "107674"
    },
    {
        "caption_idx": 294,
        "text": "land",
        "startTime": "107674",
        "endTime": "107907"
    },
    {
        "caption_idx": 295,
        "text": "on the",
        "startTime": "107907",
        "endTime": "108074"
    },
    {
        "caption_idx": 296,
        "text": "rock",
        "startTime": "108074",
        "endTime": "108475"
    },
    {
        "caption_idx": 297,
        "text": "nowhere",
        "startTime": "108475",
        "endTime": "108908"
    },
    {
        "caption_idx": 298,
        "text": "near.",
        "startTime": "108908",
        "endTime": "109909"
    },
    {
        "caption_idx": 299,
        "text": "So",
        "startTime": "109909",
        "endTime": "110110"
    },
    {
        "caption_idx": 300,
        "text": "I",
        "startTime": "110110",
        "endTime": "110176"
    },
    {
        "caption_idx": 301,
        "text": "threw",
        "startTime": "110176",
        "endTime": "110543"
    },
    {
        "caption_idx": 302,
        "text": "that.",
        "startTime": "110543",
        "endTime": "111044"
    },
    {
        "caption_idx": 303,
        "text": "That's",
        "startTime": "111044",
        "endTime": "111211"
    },
    {
        "caption_idx": 304,
        "text": "pillow",
        "startTime": "111211",
        "endTime": "111511"
    },
    {
        "caption_idx": 305,
        "text": "ketchup",
        "startTime": "111511",
        "endTime": "111878"
    },
    {
        "caption_idx": 306,
        "text": "on",
        "startTime": "111878",
        "endTime": "112078"
    },
    {
        "caption_idx": 307,
        "text": "here",
        "startTime": "112078",
        "endTime": "112812"
    },
    {
        "caption_idx": 308,
        "text": "and",
        "startTime": "112812",
        "endTime": "113012"
    },
    {
        "caption_idx": 309,
        "text": "there",
        "startTime": "113012",
        "endTime": "113246"
    },
    {
        "caption_idx": 310,
        "text": "it is.",
        "startTime": "113246",
        "endTime": "117350"
    },
    {
        "caption_idx": 311,
        "text": "now",
        "startTime": "117450",
        "endTime": "117717"
    },
    {
        "caption_idx": 312,
        "text": "that's",
        "startTime": "117717",
        "endTime": "117984"
    },
    {
        "caption_idx": 313,
        "text": "what I",
        "startTime": "117984",
        "endTime": "118318"
    },
    {
        "caption_idx": 314,
        "text": "called",
        "startTime": "118318",
        "endTime": "118585"
    },
    {
        "caption_idx": 315,
        "text": "delicious.",
        "startTime": "118585",
        "endTime": "123256"
    },
    {
        "caption_idx": 316,
        "text": "So now",
        "startTime": "123356",
        "endTime": "123790"
    },
    {
        "caption_idx": 317,
        "text": "we're",
        "startTime": "123790",
        "endTime": "123890"
    },
    {
        "caption_idx": 318,
        "text": "just",
        "startTime": "123890",
        "endTime": "124090"
    },
    {
        "caption_idx": 319,
        "text": "going",
        "startTime": "124090",
        "endTime": "124224"
    },
    {
        "caption_idx": 320,
        "text": "to",
        "startTime": "124224",
        "endTime": "124290"
    },
    {
        "caption_idx": 321,
        "text": "wait",
        "startTime": "124290",
        "endTime": "124524"
    },
    {
        "caption_idx": 322,
        "text": "while",
        "startTime": "124524",
        "endTime": "124757"
    },
    {
        "caption_idx": 323,
        "text": "asleep",
        "startTime": "124757",
        "endTime": "125091"
    },
    {
        "caption_idx": 324,
        "text": "and",
        "startTime": "125091",
        "endTime": "125191"
    },
    {
        "caption_idx": 325,
        "text": "then",
        "startTime": "125191",
        "endTime": "125325"
    },
    {
        "caption_idx": 326,
        "text": "warms",
        "startTime": "125325",
        "endTime": "125592"
    },
    {
        "caption_idx": 327,
        "text": "up.",
        "startTime": "125592",
        "endTime": "125859"
    },
    {
        "caption_idx": 328,
        "text": "See,",
        "startTime": "125859",
        "endTime": "126092"
    },
    {
        "caption_idx": 329,
        "text": "so",
        "startTime": "126092",
        "endTime": "126292"
    },
    {
        "caption_idx": 330,
        "text": "far,",
        "startTime": "126292",
        "endTime": "126459"
    },
    {
        "caption_idx": 331,
        "text": "not",
        "startTime": "126459",
        "endTime": "126693"
    },
    {
        "caption_idx": 332,
        "text": "much.",
        "startTime": "126693",
        "endTime": "126893"
    },
    {
        "caption_idx": 333,
        "text": "So",
        "startTime": "126893",
        "endTime": "126960"
    },
    {
        "caption_idx": 334,
        "text": "let's",
        "startTime": "126960",
        "endTime": "127093"
    },
    {
        "caption_idx": 335,
        "text": "have a",
        "startTime": "127093",
        "endTime": "127260"
    },
    {
        "caption_idx": 336,
        "text": "look.",
        "startTime": "127260",
        "endTime": "128161"
    },
    {
        "caption_idx": 337,
        "text": "You could",
        "startTime": "128161",
        "endTime": "128394"
    },
    {
        "caption_idx": 338,
        "text": "probably",
        "startTime": "128394",
        "endTime": "128628"
    },
    {
        "caption_idx": 339,
        "text": "still",
        "startTime": "128628",
        "endTime": "128795"
    },
    {
        "caption_idx": 340,
        "text": "touch",
        "startTime": "128795",
        "endTime": "129062"
    },
    {
        "caption_idx": 341,
        "text": "it.",
        "startTime": "129062",
        "endTime": "129429"
    },
    {
        "caption_idx": 342,
        "text": "It's",
        "startTime": "129429",
        "endTime": "129696"
    },
    {
        "caption_idx": 343,
        "text": "not that",
        "startTime": "129696",
        "endTime": "129963"
    },
    {
        "caption_idx": 344,
        "text": "warm.",
        "startTime": "129963",
        "endTime": "131030"
    },
    {
        "caption_idx": 345,
        "text": "No,",
        "startTime": "131030",
        "endTime": "131297"
    },
    {
        "caption_idx": 346,
        "text": "I won't",
        "startTime": "131297",
        "endTime": "131598"
    },
    {
        "caption_idx": 347,
        "text": "do",
        "startTime": "131598",
        "endTime": "131731"
    },
    {
        "caption_idx": 348,
        "text": "that 2",
        "startTime": "131731",
        "endTime": "132098"
    },
    {
        "caption_idx": 349,
        "text": "minutes",
        "startTime": "132098",
        "endTime": "132332"
    },
    {
        "caption_idx": 350,
        "text": "from",
        "startTime": "132332",
        "endTime": "132432"
    },
    {
        "caption_idx": 351,
        "text": "now.",
        "startTime": "132432",
        "endTime": "132732"
    }
]